peptide_name,Peptide_sequence_nt,Peptide_sequence_AA,pep_start,pep_end,pep_middle,TF_name,pep_type,lib_type
MSN2_1,CGACGCACGTCGTGCATGATGACGGTCGACCATGATTTCAATAGCGAAGATATTTTATTCCCCATAGAAAGCATGAGTAGTATACAATACGTGGAGAATAATAACCCAAATAATATTAACAACGATGTTATCCCGTATTCTCTAGATATCAAAAACACTGTCTTAGATAGTGCGGATCTCAATGACATTCAAAATCAAGAAACTTCACTGGCCTCTGGTAGCGGCGGC,MTVDHDFNSEDILFPIESMSSIQYVENNNPNNINNDVIPYSLDIKNTVLDSADLNDIQNQETSL,1,64,32,MSN2,tile,Msn2T
MSN2_6,CGACGCACGTCGTGCATGGATTTCAATAGCGAAGATATTTTATTCCCCATAGAAAGCATGAGTAGTATACAATACGTGGAGAATAATAACCCAAATAATATTAACAACGATGTTATCCCGTATTCTCTAGATATCAAAAACACTGTCTTAGATAGTGCGGATCTCAATGACATTCAAAATCAAGAAACTTCACTGAATTTGGGGCTTCCTGCCTCTGGTAGCGGCGGC,DFNSEDILFPIESMSSIQYVENNNPNNINNDVIPYSLDIKNTVLDSADLNDIQNQETSLNLGLP,6,69,37,MSN2,tile,Msn2T
MSN2_11,CGACGCACGTCGTGCATGGATATTTTATTCCCCATAGAAAGCATGAGTAGTATACAATACGTGGAGAATAATAACCCAAATAATATTAACAACGATGTTATCCCGTATTCTCTAGATATCAAAAACACTGTCTTAGATAGTGCGGATCTCAATGACATTCAAAATCAAGAAACTTCACTGAATTTGGGGCTTCCTCCACTATCTTTCGACGCCTCTGGTAGCGGCGGC,DILFPIESMSSIQYVENNNPNNINNDVIPYSLDIKNTVLDSADLNDIQNQETSLNLGLPPLSFD,11,74,42,MSN2,tile,Msn2T
MSN2_16,CGACGCACGTCGTGCATGATAGAAAGCATGAGTAGTATACAATACGTGGAGAATAATAACCCAAATAATATTAACAACGATGTTATCCCGTATTCTCTAGATATCAAAAACACTGTCTTAGATAGTGCGGATCTCAATGACATTCAAAATCAAGAAACTTCACTGAATTTGGGGCTTCCTCCACTATCTTTCGACTCTCCACTGCCCGTAGCCTCTGGTAGCGGCGGC,IESMSSIQYVENNNPNNINNDVIPYSLDIKNTVLDSADLNDIQNQETSLNLGLPPLSFDSPLPV,16,79,47,MSN2,tile,Msn2T
MSN2_21,CGACGCACGTCGTGCATGAGTATACAATACGTGGAGAATAATAACCCAAATAATATTAACAACGATGTTATCCCGTATTCTCTAGATATCAAAAACACTGTCTTAGATAGTGCGGATCTCAATGACATTCAAAATCAAGAAACTTCACTGAATTTGGGGCTTCCTCCACTATCTTTCGACTCTCCACTGCCCGTAACGGAAACGATACCAGCCTCTGGTAGCGGCGGC,SIQYVENNNPNNINNDVIPYSLDIKNTVLDSADLNDIQNQETSLNLGLPPLSFDSPLPVTETIP,21,84,52,MSN2,tile,Msn2T
MSN2_26,CGACGCACGTCGTGCATGGAGAATAATAACCCAAATAATATTAACAACGATGTTATCCCGTATTCTCTAGATATCAAAAACACTGTCTTAGATAGTGCGGATCTCAATGACATTCAAAATCAAGAAACTTCACTGAATTTGGGGCTTCCTCCACTATCTTTCGACTCTCCACTGCCCGTAACGGAAACGATACCATCCACTACCGATAACGCCTCTGGTAGCGGCGGC,ENNNPNNINNDVIPYSLDIKNTVLDSADLNDIQNQETSLNLGLPPLSFDSPLPVTETIPSTTDN,26,89,57,MSN2,tile,Msn2T
MSN2_31,CGACGCACGTCGTGCATGAATAATATTAACAACGATGTTATCCCGTATTCTCTAGATATCAAAAACACTGTCTTAGATAGTGCGGATCTCAATGACATTCAAAATCAAGAAACTTCACTGAATTTGGGGCTTCCTCCACTATCTTTCGACTCTCCACTGCCCGTAACGGAAACGATACCATCCACTACCGATAACAGCTTGCATTTGAAAGCCTCTGGTAGCGGCGGC,NNINNDVIPYSLDIKNTVLDSADLNDIQNQETSLNLGLPPLSFDSPLPVTETIPSTTDNSLHLK,31,94,62,MSN2,tile,Msn2T
MSN2_36,CGACGCACGTCGTGCATGGATGTTATCCCGTATTCTCTAGATATCAAAAACACTGTCTTAGATAGTGCGGATCTCAATGACATTCAAAATCAAGAAACTTCACTGAATTTGGGGCTTCCTCCACTATCTTTCGACTCTCCACTGCCCGTAACGGAAACGATACCATCCACTACCGATAACAGCTTGCATTTGAAAGCTGATAGCAACAAAGCCTCTGGTAGCGGCGGC,DVIPYSLDIKNTVLDSADLNDIQNQETSLNLGLPPLSFDSPLPVTETIPSTTDNSLHLKADSNK,36,99,67,MSN2,tile,Msn2T
MSN2_41,CGACGCACGTCGTGCATGTCTCTAGATATCAAAAACACTGTCTTAGATAGTGCGGATCTCAATGACATTCAAAATCAAGAAACTTCACTGAATTTGGGGCTTCCTCCACTATCTTTCGACTCTCCACTGCCCGTAACGGAAACGATACCATCCACTACCGATAACAGCTTGCATTTGAAAGCTGATAGCAACAAAAATCGCGATGCAAGAGCCTCTGGTAGCGGCGGC,SLDIKNTVLDSADLNDIQNQETSLNLGLPPLSFDSPLPVTETIPSTTDNSLHLKADSNKNRDAR,41,104,72,MSN2,tile,Msn2T
MSN2_46,CGACGCACGTCGTGCATGAACACTGTCTTAGATAGTGCGGATCTCAATGACATTCAAAATCAAGAAACTTCACTGAATTTGGGGCTTCCTCCACTATCTTTCGACTCTCCACTGCCCGTAACGGAAACGATACCATCCACTACCGATAACAGCTTGCATTTGAAAGCTGATAGCAACAAAAATCGCGATGCAAGAACTATTGAAAATGATGCCTCTGGTAGCGGCGGC,NTVLDSADLNDIQNQETSLNLGLPPLSFDSPLPVTETIPSTTDNSLHLKADSNKNRDARTIEND,46,109,77,MSN2,tile,Msn2T
MSN2_51,CGACGCACGTCGTGCATGAGTGCGGATCTCAATGACATTCAAAATCAAGAAACTTCACTGAATTTGGGGCTTCCTCCACTATCTTTCGACTCTCCACTGCCCGTAACGGAAACGATACCATCCACTACCGATAACAGCTTGCATTTGAAAGCTGATAGCAACAAAAATCGCGATGCAAGAACTATTGAAAATGATAGTGAAATTAAGAGTGCCTCTGGTAGCGGCGGC,SADLNDIQNQETSLNLGLPPLSFDSPLPVTETIPSTTDNSLHLKADSNKNRDARTIENDSEIKS,51,114,82,MSN2,tile,Msn2T
MSN2_56,CGACGCACGTCGTGCATGGACATTCAAAATCAAGAAACTTCACTGAATTTGGGGCTTCCTCCACTATCTTTCGACTCTCCACTGCCCGTAACGGAAACGATACCATCCACTACCGATAACAGCTTGCATTTGAAAGCTGATAGCAACAAAAATCGCGATGCAAGAACTATTGAAAATGATAGTGAAATTAAGAGTACTAATAATGCTAGTGCCTCTGGTAGCGGCGGC,DIQNQETSLNLGLPPLSFDSPLPVTETIPSTTDNSLHLKADSNKNRDARTIENDSEIKSTNNAS,56,119,87,MSN2,tile,Msn2T
MSN2_61,CGACGCACGTCGTGCATGGAAACTTCACTGAATTTGGGGCTTCCTCCACTATCTTTCGACTCTCCACTGCCCGTAACGGAAACGATACCATCCACTACCGATAACAGCTTGCATTTGAAAGCTGATAGCAACAAAAATCGCGATGCAAGAACTATTGAAAATGATAGTGAAATTAAGAGTACTAATAATGCTAGTGGCTCTGGGGCAAATGCCTCTGGTAGCGGCGGC,ETSLNLGLPPLSFDSPLPVTETIPSTTDNSLHLKADSNKNRDARTIENDSEIKSTNNASGSGAN,61,124,92,MSN2,tile,Msn2T
MSN2_66,CGACGCACGTCGTGCATGTTGGGGCTTCCTCCACTATCTTTCGACTCTCCACTGCCCGTAACGGAAACGATACCATCCACTACCGATAACAGCTTGCATTTGAAAGCTGATAGCAACAAAAATCGCGATGCAAGAACTATTGAAAATGATAGTGAAATTAAGAGTACTAATAATGCTAGTGGCTCTGGGGCAAATCAATACACAACTCTTGCCTCTGGTAGCGGCGGC,LGLPPLSFDSPLPVTETIPSTTDNSLHLKADSNKNRDARTIENDSEIKSTNNASGSGANQYTTL,66,129,97,MSN2,tile,Msn2T
MSN2_71,CGACGCACGTCGTGCATGCTATCTTTCGACTCTCCACTGCCCGTAACGGAAACGATACCATCCACTACCGATAACAGCTTGCATTTGAAAGCTGATAGCAACAAAAATCGCGATGCAAGAACTATTGAAAATGATAGTGAAATTAAGAGTACTAATAATGCTAGTGGCTCTGGGGCAAATCAATACACAACTCTTACTTCACCTTATCCTGCCTCTGGTAGCGGCGGC,LSFDSPLPVTETIPSTTDNSLHLKADSNKNRDARTIENDSEIKSTNNASGSGANQYTTLTSPYP,71,134,102,MSN2,tile,Msn2T
MSN2_76,CGACGCACGTCGTGCATGCCACTGCCCGTAACGGAAACGATACCATCCACTACCGATAACAGCTTGCATTTGAAAGCTGATAGCAACAAAAATCGCGATGCAAGAACTATTGAAAATGATAGTGAAATTAAGAGTACTAATAATGCTAGTGGCTCTGGGGCAAATCAATACACAACTCTTACTTCACCTTATCCTATGAACGACATTTTGGCCTCTGGTAGCGGCGGC,PLPVTETIPSTTDNSLHLKADSNKNRDARTIENDSEIKSTNNASGSGANQYTTLTSPYPMNDIL,76,139,107,MSN2,tile,Msn2T
MSN2_81,CGACGCACGTCGTGCATGGAAACGATACCATCCACTACCGATAACAGCTTGCATTTGAAAGCTGATAGCAACAAAAATCGCGATGCAAGAACTATTGAAAATGATAGTGAAATTAAGAGTACTAATAATGCTAGTGGCTCTGGGGCAAATCAATACACAACTCTTACTTCACCTTATCCTATGAACGACATTTTGTACAACATGAACAATGCCTCTGGTAGCGGCGGC,ETIPSTTDNSLHLKADSNKNRDARTIENDSEIKSTNNASGSGANQYTTLTSPYPMNDILYNMNN,81,144,112,MSN2,tile,Msn2T
MSN2_86,CGACGCACGTCGTGCATGACTACCGATAACAGCTTGCATTTGAAAGCTGATAGCAACAAAAATCGCGATGCAAGAACTATTGAAAATGATAGTGAAATTAAGAGTACTAATAATGCTAGTGGCTCTGGGGCAAATCAATACACAACTCTTACTTCACCTTATCCTATGAACGACATTTTGTACAACATGAACAATCCGTTACAATCACCGGCCTCTGGTAGCGGCGGC,TTDNSLHLKADSNKNRDARTIENDSEIKSTNNASGSGANQYTTLTSPYPMNDILYNMNNPLQSP,86,149,117,MSN2,tile,Msn2T
MSN2_91,CGACGCACGTCGTGCATGTTGCATTTGAAAGCTGATAGCAACAAAAATCGCGATGCAAGAACTATTGAAAATGATAGTGAAATTAAGAGTACTAATAATGCTAGTGGCTCTGGGGCAAATCAATACACAACTCTTACTTCACCTTATCCTATGAACGACATTTTGTACAACATGAACAATCCGTTACAATCACCGTCACCTTCATCGGTAGCCTCTGGTAGCGGCGGC,LHLKADSNKNRDARTIENDSEIKSTNNASGSGANQYTTLTSPYPMNDILYNMNNPLQSPSPSSV,91,154,122,MSN2,tile,Msn2T
MSN2_96,CGACGCACGTCGTGCATGGATAGCAACAAAAATCGCGATGCAAGAACTATTGAAAATGATAGTGAAATTAAGAGTACTAATAATGCTAGTGGCTCTGGGGCAAATCAATACACAACTCTTACTTCACCTTATCCTATGAACGACATTTTGTACAACATGAACAATCCGTTACAATCACCGTCACCTTCATCGGTACCTCAAAATCCGACTGCCTCTGGTAGCGGCGGC,DSNKNRDARTIENDSEIKSTNNASGSGANQYTTLTSPYPMNDILYNMNNPLQSPSPSSVPQNPT,96,159,127,MSN2,tile,Msn2T
MSN2_101,CGACGCACGTCGTGCATGCGCGATGCAAGAACTATTGAAAATGATAGTGAAATTAAGAGTACTAATAATGCTAGTGGCTCTGGGGCAAATCAATACACAACTCTTACTTCACCTTATCCTATGAACGACATTTTGTACAACATGAACAATCCGTTACAATCACCGTCACCTTCATCGGTACCTCAAAATCCGACTATAAATCCTCCCATAGCCTCTGGTAGCGGCGGC,RDARTIENDSEIKSTNNASGSGANQYTTLTSPYPMNDILYNMNNPLQSPSPSSVPQNPTINPPI,101,164,132,MSN2,tile,Msn2T
MSN2_106,CGACGCACGTCGTGCATGATTGAAAATGATAGTGAAATTAAGAGTACTAATAATGCTAGTGGCTCTGGGGCAAATCAATACACAACTCTTACTTCACCTTATCCTATGAACGACATTTTGTACAACATGAACAATCCGTTACAATCACCGTCACCTTCATCGGTACCTCAAAATCCGACTATAAATCCTCCCATAAATACAGCAAGTAACGCCTCTGGTAGCGGCGGC,IENDSEIKSTNNASGSGANQYTTLTSPYPMNDILYNMNNPLQSPSPSSVPQNPTINPPINTASN,106,169,137,MSN2,tile,Msn2T
MSN2_111,CGACGCACGTCGTGCATGGAAATTAAGAGTACTAATAATGCTAGTGGCTCTGGGGCAAATCAATACACAACTCTTACTTCACCTTATCCTATGAACGACATTTTGTACAACATGAACAATCCGTTACAATCACCGTCACCTTCATCGGTACCTCAAAATCCGACTATAAATCCTCCCATAAATACAGCAAGTAACGAAACTAATTTATCGGCCTCTGGTAGCGGCGGC,EIKSTNNASGSGANQYTTLTSPYPMNDILYNMNNPLQSPSPSSVPQNPTINPPINTASNETNLS,111,174,142,MSN2,tile,Msn2T
MSN2_116,CGACGCACGTCGTGCATGAATAATGCTAGTGGCTCTGGGGCAAATCAATACACAACTCTTACTTCACCTTATCCTATGAACGACATTTTGTACAACATGAACAATCCGTTACAATCACCGTCACCTTCATCGGTACCTCAAAATCCGACTATAAATCCTCCCATAAATACAGCAAGTAACGAAACTAATTTATCGCCTCAAACTTCAAATGCCTCTGGTAGCGGCGGC,NNASGSGANQYTTLTSPYPMNDILYNMNNPLQSPSPSSVPQNPTINPPINTASNETNLSPQTSN,116,179,147,MSN2,tile,Msn2T
MSN2_121,CGACGCACGTCGTGCATGTCTGGGGCAAATCAATACACAACTCTTACTTCACCTTATCCTATGAACGACATTTTGTACAACATGAACAATCCGTTACAATCACCGTCACCTTCATCGGTACCTCAAAATCCGACTATAAATCCTCCCATAAATACAGCAAGTAACGAAACTAATTTATCGCCTCAAACTTCAAATGGTAATGAAACTCTTGCCTCTGGTAGCGGCGGC,SGANQYTTLTSPYPMNDILYNMNNPLQSPSPSSVPQNPTINPPINTASNETNLSPQTSNGNETL,121,184,152,MSN2,tile,Msn2T
MSN2_126,CGACGCACGTCGTGCATGTACACAACTCTTACTTCACCTTATCCTATGAACGACATTTTGTACAACATGAACAATCCGTTACAATCACCGTCACCTTCATCGGTACCTCAAAATCCGACTATAAATCCTCCCATAAATACAGCAAGTAACGAAACTAATTTATCGCCTCAAACTTCAAATGGTAATGAAACTCTTATATCTCCTCGAGCCGCCTCTGGTAGCGGCGGC,YTTLTSPYPMNDILYNMNNPLQSPSPSSVPQNPTINPPINTASNETNLSPQTSNGNETLISPRA,126,189,157,MSN2,tile,Msn2T
MSN2_131,CGACGCACGTCGTGCATGTCACCTTATCCTATGAACGACATTTTGTACAACATGAACAATCCGTTACAATCACCGTCACCTTCATCGGTACCTCAAAATCCGACTATAAATCCTCCCATAAATACAGCAAGTAACGAAACTAATTTATCGCCTCAAACTTCAAATGGTAATGAAACTCTTATATCTCCTCGAGCCCAACAACATACGTCCGCCTCTGGTAGCGGCGGC,SPYPMNDILYNMNNPLQSPSPSSVPQNPTINPPINTASNETNLSPQTSNGNETLISPRAQQHTS,131,194,162,MSN2,tile,Msn2T
MSN2_136,CGACGCACGTCGTGCATGAACGACATTTTGTACAACATGAACAATCCGTTACAATCACCGTCACCTTCATCGGTACCTCAAAATCCGACTATAAATCCTCCCATAAATACAGCAAGTAACGAAACTAATTTATCGCCTCAAACTTCAAATGGTAATGAAACTCTTATATCTCCTCGAGCCCAACAACATACGTCCATTAAAGATAATCGTGCCTCTGGTAGCGGCGGC,NDILYNMNNPLQSPSPSSVPQNPTINPPINTASNETNLSPQTSNGNETLISPRAQQHTSIKDNR,136,199,167,MSN2,tile,Msn2T
MSN2_141,CGACGCACGTCGTGCATGAACATGAACAATCCGTTACAATCACCGTCACCTTCATCGGTACCTCAAAATCCGACTATAAATCCTCCCATAAATACAGCAAGTAACGAAACTAATTTATCGCCTCAAACTTCAAATGGTAATGAAACTCTTATATCTCCTCGAGCCCAACAACATACGTCCATTAAAGATAATCGTCTGTCCTTACCTAATGCCTCTGGTAGCGGCGGC,NMNNPLQSPSPSSVPQNPTINPPINTASNETNLSPQTSNGNETLISPRAQQHTSIKDNRLSLPN,141,204,172,MSN2,tile,Msn2T
MSN2_146,CGACGCACGTCGTGCATGTTACAATCACCGTCACCTTCATCGGTACCTCAAAATCCGACTATAAATCCTCCCATAAATACAGCAAGTAACGAAACTAATTTATCGCCTCAAACTTCAAATGGTAATGAAACTCTTATATCTCCTCGAGCCCAACAACATACGTCCATTAAAGATAATCGTCTGTCCTTACCTAATGGTGCTAATTCGAATGCCTCTGGTAGCGGCGGC,LQSPSPSSVPQNPTINPPINTASNETNLSPQTSNGNETLISPRAQQHTSIKDNRLSLPNGANSN,146,209,177,MSN2,tile,Msn2T
MSN2_151,CGACGCACGTCGTGCATGCCTTCATCGGTACCTCAAAATCCGACTATAAATCCTCCCATAAATACAGCAAGTAACGAAACTAATTTATCGCCTCAAACTTCAAATGGTAATGAAACTCTTATATCTCCTCGAGCCCAACAACATACGTCCATTAAAGATAATCGTCTGTCCTTACCTAATGGTGCTAATTCGAATCTTTTCATTGACACTGCCTCTGGTAGCGGCGGC,PSSVPQNPTINPPINTASNETNLSPQTSNGNETLISPRAQQHTSIKDNRLSLPNGANSNLFIDT,151,214,182,MSN2,tile,Msn2T
MSN2_156,CGACGCACGTCGTGCATGCAAAATCCGACTATAAATCCTCCCATAAATACAGCAAGTAACGAAACTAATTTATCGCCTCAAACTTCAAATGGTAATGAAACTCTTATATCTCCTCGAGCCCAACAACATACGTCCATTAAAGATAATCGTCTGTCCTTACCTAATGGTGCTAATTCGAATCTTTTCATTGACACTAACCCAAACAATTTGGCCTCTGGTAGCGGCGGC,QNPTINPPINTASNETNLSPQTSNGNETLISPRAQQHTSIKDNRLSLPNGANSNLFIDTNPNNL,156,219,187,MSN2,tile,Msn2T
MSN2_161,CGACGCACGTCGTGCATGAATCCTCCCATAAATACAGCAAGTAACGAAACTAATTTATCGCCTCAAACTTCAAATGGTAATGAAACTCTTATATCTCCTCGAGCCCAACAACATACGTCCATTAAAGATAATCGTCTGTCCTTACCTAATGGTGCTAATTCGAATCTTTTCATTGACACTAACCCAAACAATTTGAACGAAAAACTAAGAGCCTCTGGTAGCGGCGGC,NPPINTASNETNLSPQTSNGNETLISPRAQQHTSIKDNRLSLPNGANSNLFIDTNPNNLNEKLR,161,224,192,MSN2,tile,Msn2T
MSN2_166,CGACGCACGTCGTGCATGACAGCAAGTAACGAAACTAATTTATCGCCTCAAACTTCAAATGGTAATGAAACTCTTATATCTCCTCGAGCCCAACAACATACGTCCATTAAAGATAATCGTCTGTCCTTACCTAATGGTGCTAATTCGAATCTTTTCATTGACACTAACCCAAACAATTTGAACGAAAAACTAAGAAATCAATTGAACTCAGCCTCTGGTAGCGGCGGC,TASNETNLSPQTSNGNETLISPRAQQHTSIKDNRLSLPNGANSNLFIDTNPNNLNEKLRNQLNS,166,229,197,MSN2,tile,Msn2T
MSN2_171,CGACGCACGTCGTGCATGACTAATTTATCGCCTCAAACTTCAAATGGTAATGAAACTCTTATATCTCCTCGAGCCCAACAACATACGTCCATTAAAGATAATCGTCTGTCCTTACCTAATGGTGCTAATTCGAATCTTTTCATTGACACTAACCCAAACAATTTGAACGAAAAACTAAGAAATCAATTGAACTCAGATACAAATTCATATGCCTCTGGTAGCGGCGGC,TNLSPQTSNGNETLISPRAQQHTSIKDNRLSLPNGANSNLFIDTNPNNLNEKLRNQLNSDTNSY,171,234,202,MSN2,tile,Msn2T
MSN2_176,CGACGCACGTCGTGCATGCAAACTTCAAATGGTAATGAAACTCTTATATCTCCTCGAGCCCAACAACATACGTCCATTAAAGATAATCGTCTGTCCTTACCTAATGGTGCTAATTCGAATCTTTTCATTGACACTAACCCAAACAATTTGAACGAAAAACTAAGAAATCAATTGAACTCAGATACAAATTCATATTCTAACTCCATTTCTGCCTCTGGTAGCGGCGGC,QTSNGNETLISPRAQQHTSIKDNRLSLPNGANSNLFIDTNPNNLNEKLRNQLNSDTNSYSNSIS,176,239,207,MSN2,tile,Msn2T
MSN2_181,CGACGCACGTCGTGCATGAATGAAACTCTTATATCTCCTCGAGCCCAACAACATACGTCCATTAAAGATAATCGTCTGTCCTTACCTAATGGTGCTAATTCGAATCTTTTCATTGACACTAACCCAAACAATTTGAACGAAAAACTAAGAAATCAATTGAACTCAGATACAAATTCATATTCTAACTCCATTTCTAATTCAAACTCCAATGCCTCTGGTAGCGGCGGC,NETLISPRAQQHTSIKDNRLSLPNGANSNLFIDTNPNNLNEKLRNQLNSDTNSYSNSISNSNSN,181,244,212,MSN2,tile,Msn2T
MSN2_186,CGACGCACGTCGTGCATGTCTCCTCGAGCCCAACAACATACGTCCATTAAAGATAATCGTCTGTCCTTACCTAATGGTGCTAATTCGAATCTTTTCATTGACACTAACCCAAACAATTTGAACGAAAAACTAAGAAATCAATTGAACTCAGATACAAATTCATATTCTAACTCCATTTCTAATTCAAACTCCAATTCTACGGGTAATTTAGCCTCTGGTAGCGGCGGC,SPRAQQHTSIKDNRLSLPNGANSNLFIDTNPNNLNEKLRNQLNSDTNSYSNSISNSNSNSTGNL,186,249,217,MSN2,tile,Msn2T
MSN2_191,CGACGCACGTCGTGCATGCAACATACGTCCATTAAAGATAATCGTCTGTCCTTACCTAATGGTGCTAATTCGAATCTTTTCATTGACACTAACCCAAACAATTTGAACGAAAAACTAAGAAATCAATTGAACTCAGATACAAATTCATATTCTAACTCCATTTCTAATTCAAACTCCAATTCTACGGGTAATTTAAATTCCAGTTATTTTGCCTCTGGTAGCGGCGGC,QHTSIKDNRLSLPNGANSNLFIDTNPNNLNEKLRNQLNSDTNSYSNSISNSNSNSTGNLNSSYF,191,254,222,MSN2,tile,Msn2T
MSN2_196,CGACGCACGTCGTGCATGAAAGATAATCGTCTGTCCTTACCTAATGGTGCTAATTCGAATCTTTTCATTGACACTAACCCAAACAATTTGAACGAAAAACTAAGAAATCAATTGAACTCAGATACAAATTCATATTCTAACTCCATTTCTAATTCAAACTCCAATTCTACGGGTAATTTAAATTCCAGTTATTTTAATTCACTGAACATAGCCTCTGGTAGCGGCGGC,KDNRLSLPNGANSNLFIDTNPNNLNEKLRNQLNSDTNSYSNSISNSNSNSTGNLNSSYFNSLNI,196,259,227,MSN2,tile,Msn2T
MSN2_201,CGACGCACGTCGTGCATGTCCTTACCTAATGGTGCTAATTCGAATCTTTTCATTGACACTAACCCAAACAATTTGAACGAAAAACTAAGAAATCAATTGAACTCAGATACAAATTCATATTCTAACTCCATTTCTAATTCAAACTCCAATTCTACGGGTAATTTAAATTCCAGTTATTTTAATTCACTGAACATAGACTCCATGCTAGATGCCTCTGGTAGCGGCGGC,SLPNGANSNLFIDTNPNNLNEKLRNQLNSDTNSYSNSISNSNSNSTGNLNSSYFNSLNIDSMLD,201,264,232,MSN2,tile,Msn2T
MSN2_206,CGACGCACGTCGTGCATGGCTAATTCGAATCTTTTCATTGACACTAACCCAAACAATTTGAACGAAAAACTAAGAAATCAATTGAACTCAGATACAAATTCATATTCTAACTCCATTTCTAATTCAAACTCCAATTCTACGGGTAATTTAAATTCCAGTTATTTTAATTCACTGAACATAGACTCCATGCTAGATGATTACGTTTCTAGTGCCTCTGGTAGCGGCGGC,ANSNLFIDTNPNNLNEKLRNQLNSDTNSYSNSISNSNSNSTGNLNSSYFNSLNIDSMLDDYVSS,206,269,237,MSN2,tile,Msn2T
MSN2_211,CGACGCACGTCGTGCATGTTCATTGACACTAACCCAAACAATTTGAACGAAAAACTAAGAAATCAATTGAACTCAGATACAAATTCATATTCTAACTCCATTTCTAATTCAAACTCCAATTCTACGGGTAATTTAAATTCCAGTTATTTTAATTCACTGAACATAGACTCCATGCTAGATGATTACGTTTCTAGTGATCTCTTATTGAATGCCTCTGGTAGCGGCGGC,FIDTNPNNLNEKLRNQLNSDTNSYSNSISNSNSNSTGNLNSSYFNSLNIDSMLDDYVSSDLLLN,211,274,242,MSN2,tile,Msn2T
MSN2_216,CGACGCACGTCGTGCATGCCAAACAATTTGAACGAAAAACTAAGAAATCAATTGAACTCAGATACAAATTCATATTCTAACTCCATTTCTAATTCAAACTCCAATTCTACGGGTAATTTAAATTCCAGTTATTTTAATTCACTGAACATAGACTCCATGCTAGATGATTACGTTTCTAGTGATCTCTTATTGAATGATGATGATGATGACGCCTCTGGTAGCGGCGGC,PNNLNEKLRNQLNSDTNSYSNSISNSNSNSTGNLNSSYFNSLNIDSMLDDYVSSDLLLNDDDDD,216,279,247,MSN2,tile,Msn2T
MSN2_221,CGACGCACGTCGTGCATGGAAAAACTAAGAAATCAATTGAACTCAGATACAAATTCATATTCTAACTCCATTTCTAATTCAAACTCCAATTCTACGGGTAATTTAAATTCCAGTTATTTTAATTCACTGAACATAGACTCCATGCTAGATGATTACGTTTCTAGTGATCTCTTATTGAATGATGATGATGATGACACTAATTTATCACGCGCCTCTGGTAGCGGCGGC,EKLRNQLNSDTNSYSNSISNSNSNSTGNLNSSYFNSLNIDSMLDDYVSSDLLLNDDDDDTNLSR,221,284,252,MSN2,tile,Msn2T
MSN2_226,CGACGCACGTCGTGCATGCAATTGAACTCAGATACAAATTCATATTCTAACTCCATTTCTAATTCAAACTCCAATTCTACGGGTAATTTAAATTCCAGTTATTTTAATTCACTGAACATAGACTCCATGCTAGATGATTACGTTTCTAGTGATCTCTTATTGAATGATGATGATGATGACACTAATTTATCACGCCGAAGATTTAGCGACGCCTCTGGTAGCGGCGGC,QLNSDTNSYSNSISNSNSNSTGNLNSSYFNSLNIDSMLDDYVSSDLLLNDDDDDTNLSRRRFSD,226,289,257,MSN2,tile,Msn2T
MSN2_231,CGACGCACGTCGTGCATGACAAATTCATATTCTAACTCCATTTCTAATTCAAACTCCAATTCTACGGGTAATTTAAATTCCAGTTATTTTAATTCACTGAACATAGACTCCATGCTAGATGATTACGTTTCTAGTGATCTCTTATTGAATGATGATGATGATGACACTAATTTATCACGCCGAAGATTTAGCGACGTTATAACAAACCAAGCCTCTGGTAGCGGCGGC,TNSYSNSISNSNSNSTGNLNSSYFNSLNIDSMLDDYVSSDLLLNDDDDDTNLSRRRFSDVITNQ,231,294,262,MSN2,tile,Msn2T
MSN2_236,CGACGCACGTCGTGCATGAACTCCATTTCTAATTCAAACTCCAATTCTACGGGTAATTTAAATTCCAGTTATTTTAATTCACTGAACATAGACTCCATGCTAGATGATTACGTTTCTAGTGATCTCTTATTGAATGATGATGATGATGACACTAATTTATCACGCCGAAGATTTAGCGACGTTATAACAAACCAATTTCCGTCAATGACAGCCTCTGGTAGCGGCGGC,NSISNSNSNSTGNLNSSYFNSLNIDSMLDDYVSSDLLLNDDDDDTNLSRRRFSDVITNQFPSMT,236,299,267,MSN2,tile,Msn2T
MSN2_241,CGACGCACGTCGTGCATGTCAAACTCCAATTCTACGGGTAATTTAAATTCCAGTTATTTTAATTCACTGAACATAGACTCCATGCTAGATGATTACGTTTCTAGTGATCTCTTATTGAATGATGATGATGATGACACTAATTTATCACGCCGAAGATTTAGCGACGTTATAACAAACCAATTTCCGTCAATGACAAATTCGAGGAATTCTGCCTCTGGTAGCGGCGGC,SNSNSTGNLNSSYFNSLNIDSMLDDYVSSDLLLNDDDDDTNLSRRRFSDVITNQFPSMTNSRNS,241,304,272,MSN2,tile,Msn2T
MSN2_246,CGACGCACGTCGTGCATGACGGGTAATTTAAATTCCAGTTATTTTAATTCACTGAACATAGACTCCATGCTAGATGATTACGTTTCTAGTGATCTCTTATTGAATGATGATGATGATGACACTAATTTATCACGCCGAAGATTTAGCGACGTTATAACAAACCAATTTCCGTCAATGACAAATTCGAGGAATTCTATTTCTCACTCTTTGGCCTCTGGTAGCGGCGGC,TGNLNSSYFNSLNIDSMLDDYVSSDLLLNDDDDDTNLSRRRFSDVITNQFPSMTNSRNSISHSL,246,309,277,MSN2,tile,Msn2T
MSN2_251,CGACGCACGTCGTGCATGTCCAGTTATTTTAATTCACTGAACATAGACTCCATGCTAGATGATTACGTTTCTAGTGATCTCTTATTGAATGATGATGATGATGACACTAATTTATCACGCCGAAGATTTAGCGACGTTATAACAAACCAATTTCCGTCAATGACAAATTCGAGGAATTCTATTTCTCACTCTTTGGACCTTTGGAACCATGCCTCTGGTAGCGGCGGC,SSYFNSLNIDSMLDDYVSSDLLLNDDDDDTNLSRRRFSDVITNQFPSMTNSRNSISHSLDLWNH,251,314,282,MSN2,tile,Msn2T
MSN2_256,CGACGCACGTCGTGCATGTCACTGAACATAGACTCCATGCTAGATGATTACGTTTCTAGTGATCTCTTATTGAATGATGATGATGATGACACTAATTTATCACGCCGAAGATTTAGCGACGTTATAACAAACCAATTTCCGTCAATGACAAATTCGAGGAATTCTATTTCTCACTCTTTGGACCTTTGGAACCATCCGAAAATTAATCCAGCCTCTGGTAGCGGCGGC,SLNIDSMLDDYVSSDLLLNDDDDDTNLSRRRFSDVITNQFPSMTNSRNSISHSLDLWNHPKINP,256,319,287,MSN2,tile,Msn2T
MSN2_261,CGACGCACGTCGTGCATGTCCATGCTAGATGATTACGTTTCTAGTGATCTCTTATTGAATGATGATGATGATGACACTAATTTATCACGCCGAAGATTTAGCGACGTTATAACAAACCAATTTCCGTCAATGACAAATTCGAGGAATTCTATTTCTCACTCTTTGGACCTTTGGAACCATCCGAAAATTAATCCAAGCAATAGAAATACAGCCTCTGGTAGCGGCGGC,SMLDDYVSSDLLLNDDDDDTNLSRRRFSDVITNQFPSMTNSRNSISHSLDLWNHPKINPSNRNT,261,324,292,MSN2,tile,Msn2T
MSN2_266,CGACGCACGTCGTGCATGTACGTTTCTAGTGATCTCTTATTGAATGATGATGATGATGACACTAATTTATCACGCCGAAGATTTAGCGACGTTATAACAAACCAATTTCCGTCAATGACAAATTCGAGGAATTCTATTTCTCACTCTTTGGACCTTTGGAACCATCCGAAAATTAATCCAAGCAATAGAAATACAAATCTCAATATCACTGCCTCTGGTAGCGGCGGC,YVSSDLLLNDDDDDTNLSRRRFSDVITNQFPSMTNSRNSISHSLDLWNHPKINPSNRNTNLNIT,266,329,297,MSN2,tile,Msn2T
MSN2_271,CGACGCACGTCGTGCATGCTCTTATTGAATGATGATGATGATGACACTAATTTATCACGCCGAAGATTTAGCGACGTTATAACAAACCAATTTCCGTCAATGACAAATTCGAGGAATTCTATTTCTCACTCTTTGGACCTTTGGAACCATCCGAAAATTAATCCAAGCAATAGAAATACAAATCTCAATATCACTACTAATTCTACCTCAGCCTCTGGTAGCGGCGGC,LLLNDDDDDTNLSRRRFSDVITNQFPSMTNSRNSISHSLDLWNHPKINPSNRNTNLNITTNSTS,271,334,302,MSN2,tile,Msn2T
MSN2_276,CGACGCACGTCGTGCATGGATGATGATGACACTAATTTATCACGCCGAAGATTTAGCGACGTTATAACAAACCAATTTCCGTCAATGACAAATTCGAGGAATTCTATTTCTCACTCTTTGGACCTTTGGAACCATCCGAAAATTAATCCAAGCAATAGAAATACAAATCTCAATATCACTACTAATTCTACCTCAAGTTCCAATGCAAGTGCCTCTGGTAGCGGCGGC,DDDDTNLSRRRFSDVITNQFPSMTNSRNSISHSLDLWNHPKINPSNRNTNLNITTNSTSSSNAS,276,339,307,MSN2,tile,Msn2T
MSN2_281,CGACGCACGTCGTGCATGAATTTATCACGCCGAAGATTTAGCGACGTTATAACAAACCAATTTCCGTCAATGACAAATTCGAGGAATTCTATTTCTCACTCTTTGGACCTTTGGAACCATCCGAAAATTAATCCAAGCAATAGAAATACAAATCTCAATATCACTACTAATTCTACCTCAAGTTCCAATGCAAGTCCGAATACCACTACTGCCTCTGGTAGCGGCGGC,NLSRRRFSDVITNQFPSMTNSRNSISHSLDLWNHPKINPSNRNTNLNITTNSTSSSNASPNTTT,281,344,312,MSN2,tile,Msn2T
MSN2_286,CGACGCACGTCGTGCATGAGATTTAGCGACGTTATAACAAACCAATTTCCGTCAATGACAAATTCGAGGAATTCTATTTCTCACTCTTTGGACCTTTGGAACCATCCGAAAATTAATCCAAGCAATAGAAATACAAATCTCAATATCACTACTAATTCTACCTCAAGTTCCAATGCAAGTCCGAATACCACTACTATGAACGCAAATGCAGCCTCTGGTAGCGGCGGC,RFSDVITNQFPSMTNSRNSISHSLDLWNHPKINPSNRNTNLNITTNSTSSSNASPNTTTMNANA,286,349,317,MSN2,tile,Msn2T
MSN2_291,CGACGCACGTCGTGCATGATAACAAACCAATTTCCGTCAATGACAAATTCGAGGAATTCTATTTCTCACTCTTTGGACCTTTGGAACCATCCGAAAATTAATCCAAGCAATAGAAATACAAATCTCAATATCACTACTAATTCTACCTCAAGTTCCAATGCAAGTCCGAATACCACTACTATGAACGCAAATGCAGACTCAAATATTGCTGCCTCTGGTAGCGGCGGC,ITNQFPSMTNSRNSISHSLDLWNHPKINPSNRNTNLNITTNSTSSSNASPNTTTMNANADSNIA,291,354,322,MSN2,tile,Msn2T
MSN2_296,CGACGCACGTCGTGCATGCCGTCAATGACAAATTCGAGGAATTCTATTTCTCACTCTTTGGACCTTTGGAACCATCCGAAAATTAATCCAAGCAATAGAAATACAAATCTCAATATCACTACTAATTCTACCTCAAGTTCCAATGCAAGTCCGAATACCACTACTATGAACGCAAATGCAGACTCAAATATTGCTGGCAACCCGAAAAACGCCTCTGGTAGCGGCGGC,PSMTNSRNSISHSLDLWNHPKINPSNRNTNLNITTNSTSSSNASPNTTTMNANADSNIAGNPKN,296,359,327,MSN2,tile,Msn2T
MSN2_301,CGACGCACGTCGTGCATGTCGAGGAATTCTATTTCTCACTCTTTGGACCTTTGGAACCATCCGAAAATTAATCCAAGCAATAGAAATACAAATCTCAATATCACTACTAATTCTACCTCAAGTTCCAATGCAAGTCCGAATACCACTACTATGAACGCAAATGCAGACTCAAATATTGCTGGCAACCCGAAAAACAATGACGCTACCATAGCCTCTGGTAGCGGCGGC,SRNSISHSLDLWNHPKINPSNRNTNLNITTNSTSSSNASPNTTTMNANADSNIAGNPKNNDATI,301,364,332,MSN2,tile,Msn2T
MSN2_306,CGACGCACGTCGTGCATGTCTCACTCTTTGGACCTTTGGAACCATCCGAAAATTAATCCAAGCAATAGAAATACAAATCTCAATATCACTACTAATTCTACCTCAAGTTCCAATGCAAGTCCGAATACCACTACTATGAACGCAAATGCAGACTCAAATATTGCTGGCAACCCGAAAAACAATGACGCTACCATAGACAATGAGTTGACAGCCTCTGGTAGCGGCGGC,SHSLDLWNHPKINPSNRNTNLNITTNSTSSSNASPNTTTMNANADSNIAGNPKNNDATIDNELT,306,369,337,MSN2,tile,Msn2T
MSN2_311,CGACGCACGTCGTGCATGCTTTGGAACCATCCGAAAATTAATCCAAGCAATAGAAATACAAATCTCAATATCACTACTAATTCTACCTCAAGTTCCAATGCAAGTCCGAATACCACTACTATGAACGCAAATGCAGACTCAAATATTGCTGGCAACCCGAAAAACAATGACGCTACCATAGACAATGAGTTGACACAGATTCTTAACGAAGCCTCTGGTAGCGGCGGC,LWNHPKINPSNRNTNLNITTNSTSSSNASPNTTTMNANADSNIAGNPKNNDATIDNELTQILNE,311,374,342,MSN2,tile,Msn2T
MSN2_316,CGACGCACGTCGTGCATGAAAATTAATCCAAGCAATAGAAATACAAATCTCAATATCACTACTAATTCTACCTCAAGTTCCAATGCAAGTCCGAATACCACTACTATGAACGCAAATGCAGACTCAAATATTGCTGGCAACCCGAAAAACAATGACGCTACCATAGACAATGAGTTGACACAGATTCTTAACGAATATAATATGAACTTCGCCTCTGGTAGCGGCGGC,KINPSNRNTNLNITTNSTSSSNASPNTTTMNANADSNIAGNPKNNDATIDNELTQILNEYNMNF,316,379,347,MSN2,tile,Msn2T
MSN2_321,CGACGCACGTCGTGCATGAATAGAAATACAAATCTCAATATCACTACTAATTCTACCTCAAGTTCCAATGCAAGTCCGAATACCACTACTATGAACGCAAATGCAGACTCAAATATTGCTGGCAACCCGAAAAACAATGACGCTACCATAGACAATGAGTTGACACAGATTCTTAACGAATATAATATGAACTTCAACGATAATTTGGGCGCCTCTGGTAGCGGCGGC,NRNTNLNITTNSTSSSNASPNTTTMNANADSNIAGNPKNNDATIDNELTQILNEYNMNFNDNLG,321,384,352,MSN2,tile,Msn2T
MSN2_326,CGACGCACGTCGTGCATGCTCAATATCACTACTAATTCTACCTCAAGTTCCAATGCAAGTCCGAATACCACTACTATGAACGCAAATGCAGACTCAAATATTGCTGGCAACCCGAAAAACAATGACGCTACCATAGACAATGAGTTGACACAGATTCTTAACGAATATAATATGAACTTCAACGATAATTTGGGCACATCCACTTCTGGCGCCTCTGGTAGCGGCGGC,LNITTNSTSSSNASPNTTTMNANADSNIAGNPKNNDATIDNELTQILNEYNMNFNDNLGTSTSG,326,389,357,MSN2,tile,Msn2T
MSN2_331,CGACGCACGTCGTGCATGAATTCTACCTCAAGTTCCAATGCAAGTCCGAATACCACTACTATGAACGCAAATGCAGACTCAAATATTGCTGGCAACCCGAAAAACAATGACGCTACCATAGACAATGAGTTGACACAGATTCTTAACGAATATAATATGAACTTCAACGATAATTTGGGCACATCCACTTCTGGCAAGAACAAATCTGCTGCCTCTGGTAGCGGCGGC,NSTSSSNASPNTTTMNANADSNIAGNPKNNDATIDNELTQILNEYNMNFNDNLGTSTSGKNKSA,331,394,362,MSN2,tile,Msn2T
MSN2_336,CGACGCACGTCGTGCATGTCCAATGCAAGTCCGAATACCACTACTATGAACGCAAATGCAGACTCAAATATTGCTGGCAACCCGAAAAACAATGACGCTACCATAGACAATGAGTTGACACAGATTCTTAACGAATATAATATGAACTTCAACGATAATTTGGGCACATCCACTTCTGGCAAGAACAAATCTGCTTGCCCAAGTTCTTTTGCCTCTGGTAGCGGCGGC,SNASPNTTTMNANADSNIAGNPKNNDATIDNELTQILNEYNMNFNDNLGTSTSGKNKSACPSSF,336,399,367,MSN2,tile,Msn2T
MSN2_341,CGACGCACGTCGTGCATGAATACCACTACTATGAACGCAAATGCAGACTCAAATATTGCTGGCAACCCGAAAAACAATGACGCTACCATAGACAATGAGTTGACACAGATTCTTAACGAATATAATATGAACTTCAACGATAATTTGGGCACATCCACTTCTGGCAAGAACAAATCTGCTTGCCCAAGTTCTTTTGATGCCAATGCTATGGCCTCTGGTAGCGGCGGC,NTTTMNANADSNIAGNPKNNDATIDNELTQILNEYNMNFNDNLGTSTSGKNKSACPSSFDANAM,341,404,372,MSN2,tile,Msn2T
MSN2_346,CGACGCACGTCGTGCATGAACGCAAATGCAGACTCAAATATTGCTGGCAACCCGAAAAACAATGACGCTACCATAGACAATGAGTTGACACAGATTCTTAACGAATATAATATGAACTTCAACGATAATTTGGGCACATCCACTTCTGGCAAGAACAAATCTGCTTGCCCAAGTTCTTTTGATGCCAATGCTATGACAAAGATAAATCCAGCCTCTGGTAGCGGCGGC,NANADSNIAGNPKNNDATIDNELTQILNEYNMNFNDNLGTSTSGKNKSACPSSFDANAMTKINP,346,409,377,MSN2,tile,Msn2T
MSN2_351,CGACGCACGTCGTGCATGTCAAATATTGCTGGCAACCCGAAAAACAATGACGCTACCATAGACAATGAGTTGACACAGATTCTTAACGAATATAATATGAACTTCAACGATAATTTGGGCACATCCACTTCTGGCAAGAACAAATCTGCTTGCCCAAGTTCTTTTGATGCCAATGCTATGACAAAGATAAATCCAAGTCAGCAATTACAGGCCTCTGGTAGCGGCGGC,SNIAGNPKNNDATIDNELTQILNEYNMNFNDNLGTSTSGKNKSACPSSFDANAMTKINPSQQLQ,351,414,382,MSN2,tile,Msn2T
MSN2_356,CGACGCACGTCGTGCATGAACCCGAAAAACAATGACGCTACCATAGACAATGAGTTGACACAGATTCTTAACGAATATAATATGAACTTCAACGATAATTTGGGCACATCCACTTCTGGCAAGAACAAATCTGCTTGCCCAAGTTCTTTTGATGCCAATGCTATGACAAAGATAAATCCAAGTCAGCAATTACAGCAACAGCTAAACCGAGCCTCTGGTAGCGGCGGC,NPKNNDATIDNELTQILNEYNMNFNDNLGTSTSGKNKSACPSSFDANAMTKINPSQQLQQQLNR,356,419,387,MSN2,tile,Msn2T
MSN2_361,CGACGCACGTCGTGCATGGACGCTACCATAGACAATGAGTTGACACAGATTCTTAACGAATATAATATGAACTTCAACGATAATTTGGGCACATCCACTTCTGGCAAGAACAAATCTGCTTGCCCAAGTTCTTTTGATGCCAATGCTATGACAAAGATAAATCCAAGTCAGCAATTACAGCAACAGCTAAACCGAGTTCAACACAAGCAGGCCTCTGGTAGCGGCGGC,DATIDNELTQILNEYNMNFNDNLGTSTSGKNKSACPSSFDANAMTKINPSQQLQQQLNRVQHKQ,361,424,392,MSN2,tile,Msn2T
MSN2_366,CGACGCACGTCGTGCATGAATGAGTTGACACAGATTCTTAACGAATATAATATGAACTTCAACGATAATTTGGGCACATCCACTTCTGGCAAGAACAAATCTGCTTGCCCAAGTTCTTTTGATGCCAATGCTATGACAAAGATAAATCCAAGTCAGCAATTACAGCAACAGCTAAACCGAGTTCAACACAAGCAGCTCACCTCGTCACATGCCTCTGGTAGCGGCGGC,NELTQILNEYNMNFNDNLGTSTSGKNKSACPSSFDANAMTKINPSQQLQQQLNRVQHKQLTSSH,366,429,397,MSN2,tile,Msn2T
MSN2_371,CGACGCACGTCGTGCATGATTCTTAACGAATATAATATGAACTTCAACGATAATTTGGGCACATCCACTTCTGGCAAGAACAAATCTGCTTGCCCAAGTTCTTTTGATGCCAATGCTATGACAAAGATAAATCCAAGTCAGCAATTACAGCAACAGCTAAACCGAGTTCAACACAAGCAGCTCACCTCGTCACATAATAACAGTAGCACTGCCTCTGGTAGCGGCGGC,ILNEYNMNFNDNLGTSTSGKNKSACPSSFDANAMTKINPSQQLQQQLNRVQHKQLTSSHNNSST,371,434,402,MSN2,tile,Msn2T
MSN2_376,CGACGCACGTCGTGCATGAATATGAACTTCAACGATAATTTGGGCACATCCACTTCTGGCAAGAACAAATCTGCTTGCCCAAGTTCTTTTGATGCCAATGCTATGACAAAGATAAATCCAAGTCAGCAATTACAGCAACAGCTAAACCGAGTTCAACACAAGCAGCTCACCTCGTCACATAATAACAGTAGCACTAACATGAAATCCTTCGCCTCTGGTAGCGGCGGC,NMNFNDNLGTSTSGKNKSACPSSFDANAMTKINPSQQLQQQLNRVQHKQLTSSHNNSSTNMKSF,376,439,407,MSN2,tile,Msn2T
MSN2_381,CGACGCACGTCGTGCATGGATAATTTGGGCACATCCACTTCTGGCAAGAACAAATCTGCTTGCCCAAGTTCTTTTGATGCCAATGCTATGACAAAGATAAATCCAAGTCAGCAATTACAGCAACAGCTAAACCGAGTTCAACACAAGCAGCTCACCTCGTCACATAATAACAGTAGCACTAACATGAAATCCTTCAACAGCGATCTTTATGCCTCTGGTAGCGGCGGC,DNLGTSTSGKNKSACPSSFDANAMTKINPSQQLQQQLNRVQHKQLTSSHNNSSTNMKSFNSDLY,381,444,412,MSN2,tile,Msn2T
MSN2_386,CGACGCACGTCGTGCATGTCCACTTCTGGCAAGAACAAATCTGCTTGCCCAAGTTCTTTTGATGCCAATGCTATGACAAAGATAAATCCAAGTCAGCAATTACAGCAACAGCTAAACCGAGTTCAACACAAGCAGCTCACCTCGTCACATAATAACAGTAGCACTAACATGAAATCCTTCAACAGCGATCTTTATTCAAGAAGGCAAAGAGCCTCTGGTAGCGGCGGC,STSGKNKSACPSSFDANAMTKINPSQQLQQQLNRVQHKQLTSSHNNSSTNMKSFNSDLYSRRQR,386,449,417,MSN2,tile,Msn2T
MSN2_391,CGACGCACGTCGTGCATGAACAAATCTGCTTGCCCAAGTTCTTTTGATGCCAATGCTATGACAAAGATAAATCCAAGTCAGCAATTACAGCAACAGCTAAACCGAGTTCAACACAAGCAGCTCACCTCGTCACATAATAACAGTAGCACTAACATGAAATCCTTCAACAGCGATCTTTATTCAAGAAGGCAAAGAGCTTCTTTACCCATAGCCTCTGGTAGCGGCGGC,NKSACPSSFDANAMTKINPSQQLQQQLNRVQHKQLTSSHNNSSTNMKSFNSDLYSRRQRASLPI,391,454,422,MSN2,tile,Msn2T
MSN2_396,CGACGCACGTCGTGCATGCCAAGTTCTTTTGATGCCAATGCTATGACAAAGATAAATCCAAGTCAGCAATTACAGCAACAGCTAAACCGAGTTCAACACAAGCAGCTCACCTCGTCACATAATAACAGTAGCACTAACATGAAATCCTTCAACAGCGATCTTTATTCAAGAAGGCAAAGAGCTTCTTTACCCATAATCGATGATTCACTAGCCTCTGGTAGCGGCGGC,PSSFDANAMTKINPSQQLQQQLNRVQHKQLTSSHNNSSTNMKSFNSDLYSRRQRASLPIIDDSL,396,459,427,MSN2,tile,Msn2T
MSN2_401,CGACGCACGTCGTGCATGGCCAATGCTATGACAAAGATAAATCCAAGTCAGCAATTACAGCAACAGCTAAACCGAGTTCAACACAAGCAGCTCACCTCGTCACATAATAACAGTAGCACTAACATGAAATCCTTCAACAGCGATCTTTATTCAAGAAGGCAAAGAGCTTCTTTACCCATAATCGATGATTCACTAAGCTACGACCTTGTTGCCTCTGGTAGCGGCGGC,ANAMTKINPSQQLQQQLNRVQHKQLTSSHNNSSTNMKSFNSDLYSRRQRASLPIIDDSLSYDLV,401,464,432,MSN2,tile,Msn2T
MSN2_406,CGACGCACGTCGTGCATGAAGATAAATCCAAGTCAGCAATTACAGCAACAGCTAAACCGAGTTCAACACAAGCAGCTCACCTCGTCACATAATAACAGTAGCACTAACATGAAATCCTTCAACAGCGATCTTTATTCAAGAAGGCAAAGAGCTTCTTTACCCATAATCGATGATTCACTAAGCTACGACCTTGTTAATAAGCAGGATGAAGCCTCTGGTAGCGGCGGC,KINPSQQLQQQLNRVQHKQLTSSHNNSSTNMKSFNSDLYSRRQRASLPIIDDSLSYDLVNKQDE,406,469,437,MSN2,tile,Msn2T
MSN2_411,CGACGCACGTCGTGCATGCAGCAATTACAGCAACAGCTAAACCGAGTTCAACACAAGCAGCTCACCTCGTCACATAATAACAGTAGCACTAACATGAAATCCTTCAACAGCGATCTTTATTCAAGAAGGCAAAGAGCTTCTTTACCCATAATCGATGATTCACTAAGCTACGACCTTGTTAATAAGCAGGATGAAGACCCCAAGAACGATGCCTCTGGTAGCGGCGGC,QQLQQQLNRVQHKQLTSSHNNSSTNMKSFNSDLYSRRQRASLPIIDDSLSYDLVNKQDEDPKND,411,474,442,MSN2,tile,Msn2T
MSN2_416,CGACGCACGTCGTGCATGCAGCTAAACCGAGTTCAACACAAGCAGCTCACCTCGTCACATAATAACAGTAGCACTAACATGAAATCCTTCAACAGCGATCTTTATTCAAGAAGGCAAAGAGCTTCTTTACCCATAATCGATGATTCACTAAGCTACGACCTTGTTAATAAGCAGGATGAAGACCCCAAGAACGATATGCTGCCGAATTCAGCCTCTGGTAGCGGCGGC,QLNRVQHKQLTSSHNNSSTNMKSFNSDLYSRRQRASLPIIDDSLSYDLVNKQDEDPKNDMLPNS,416,479,447,MSN2,tile,Msn2T
MSN2_421,CGACGCACGTCGTGCATGCAACACAAGCAGCTCACCTCGTCACATAATAACAGTAGCACTAACATGAAATCCTTCAACAGCGATCTTTATTCAAGAAGGCAAAGAGCTTCTTTACCCATAATCGATGATTCACTAAGCTACGACCTTGTTAATAAGCAGGATGAAGACCCCAAGAACGATATGCTGCCGAATTCAAATTTGAGTTCATCTGCCTCTGGTAGCGGCGGC,QHKQLTSSHNNSSTNMKSFNSDLYSRRQRASLPIIDDSLSYDLVNKQDEDPKNDMLPNSNLSSS,421,484,452,MSN2,tile,Msn2T
MSN2_426,CGACGCACGTCGTGCATGACCTCGTCACATAATAACAGTAGCACTAACATGAAATCCTTCAACAGCGATCTTTATTCAAGAAGGCAAAGAGCTTCTTTACCCATAATCGATGATTCACTAAGCTACGACCTTGTTAATAAGCAGGATGAAGACCCCAAGAACGATATGCTGCCGAATTCAAATTTGAGTTCATCTCAACAATTTATCAAAGCCTCTGGTAGCGGCGGC,TSSHNNSSTNMKSFNSDLYSRRQRASLPIIDDSLSYDLVNKQDEDPKNDMLPNSNLSSSQQFIK,426,489,457,MSN2,tile,Msn2T
MSN2_431,CGACGCACGTCGTGCATGAACAGTAGCACTAACATGAAATCCTTCAACAGCGATCTTTATTCAAGAAGGCAAAGAGCTTCTTTACCCATAATCGATGATTCACTAAGCTACGACCTTGTTAATAAGCAGGATGAAGACCCCAAGAACGATATGCTGCCGAATTCAAATTTGAGTTCATCTCAACAATTTATCAAACCGTCTATGATTCTTGCCTCTGGTAGCGGCGGC,NSSTNMKSFNSDLYSRRQRASLPIIDDSLSYDLVNKQDEDPKNDMLPNSNLSSSQQFIKPSMIL,431,494,462,MSN2,tile,Msn2T
MSN2_436,CGACGCACGTCGTGCATGATGAAATCCTTCAACAGCGATCTTTATTCAAGAAGGCAAAGAGCTTCTTTACCCATAATCGATGATTCACTAAGCTACGACCTTGTTAATAAGCAGGATGAAGACCCCAAGAACGATATGCTGCCGAATTCAAATTTGAGTTCATCTCAACAATTTATCAAACCGTCTATGATTCTTTCAGACAATGCGTCCGCCTCTGGTAGCGGCGGC,MKSFNSDLYSRRQRASLPIIDDSLSYDLVNKQDEDPKNDMLPNSNLSSSQQFIKPSMILSDNAS,436,499,467,MSN2,tile,Msn2T
MSN2_441,CGACGCACGTCGTGCATGAGCGATCTTTATTCAAGAAGGCAAAGAGCTTCTTTACCCATAATCGATGATTCACTAAGCTACGACCTTGTTAATAAGCAGGATGAAGACCCCAAGAACGATATGCTGCCGAATTCAAATTTGAGTTCATCTCAACAATTTATCAAACCGTCTATGATTCTTTCAGACAATGCGTCCGTTATTGCGAAAGTGGCCTCTGGTAGCGGCGGC,SDLYSRRQRASLPIIDDSLSYDLVNKQDEDPKNDMLPNSNLSSSQQFIKPSMILSDNASVIAKV,441,504,472,MSN2,tile,Msn2T
MSN2_446,CGACGCACGTCGTGCATGAGAAGGCAAAGAGCTTCTTTACCCATAATCGATGATTCACTAAGCTACGACCTTGTTAATAAGCAGGATGAAGACCCCAAGAACGATATGCTGCCGAATTCAAATTTGAGTTCATCTCAACAATTTATCAAACCGTCTATGATTCTTTCAGACAATGCGTCCGTTATTGCGAAAGTGGCGACTACAGGCTTGGCCTCTGGTAGCGGCGGC,RRQRASLPIIDDSLSYDLVNKQDEDPKNDMLPNSNLSSSQQFIKPSMILSDNASVIAKVATTGL,446,509,477,MSN2,tile,Msn2T
MSN2_451,CGACGCACGTCGTGCATGTCTTTACCCATAATCGATGATTCACTAAGCTACGACCTTGTTAATAAGCAGGATGAAGACCCCAAGAACGATATGCTGCCGAATTCAAATTTGAGTTCATCTCAACAATTTATCAAACCGTCTATGATTCTTTCAGACAATGCGTCCGTTATTGCGAAAGTGGCGACTACAGGCTTGAGTAATGATATGCCAGCCTCTGGTAGCGGCGGC,SLPIIDDSLSYDLVNKQDEDPKNDMLPNSNLSSSQQFIKPSMILSDNASVIAKVATTGLSNDMP,451,514,482,MSN2,tile,Msn2T
MSN2_456,CGACGCACGTCGTGCATGGATGATTCACTAAGCTACGACCTTGTTAATAAGCAGGATGAAGACCCCAAGAACGATATGCTGCCGAATTCAAATTTGAGTTCATCTCAACAATTTATCAAACCGTCTATGATTCTTTCAGACAATGCGTCCGTTATTGCGAAAGTGGCGACTACAGGCTTGAGTAATGATATGCCATTTTTGACAGAGGAAGCCTCTGGTAGCGGCGGC,DDSLSYDLVNKQDEDPKNDMLPNSNLSSSQQFIKPSMILSDNASVIAKVATTGLSNDMPFLTEE,456,519,487,MSN2,tile,Msn2T
MSN2_461,CGACGCACGTCGTGCATGTACGACCTTGTTAATAAGCAGGATGAAGACCCCAAGAACGATATGCTGCCGAATTCAAATTTGAGTTCATCTCAACAATTTATCAAACCGTCTATGATTCTTTCAGACAATGCGTCCGTTATTGCGAAAGTGGCGACTACAGGCTTGAGTAATGATATGCCATTTTTGACAGAGGAAGGTGAACAAAATGCTGCCTCTGGTAGCGGCGGC,YDLVNKQDEDPKNDMLPNSNLSSSQQFIKPSMILSDNASVIAKVATTGLSNDMPFLTEEGEQNA,461,524,492,MSN2,tile,Msn2T
MSN2_466,CGACGCACGTCGTGCATGAAGCAGGATGAAGACCCCAAGAACGATATGCTGCCGAATTCAAATTTGAGTTCATCTCAACAATTTATCAAACCGTCTATGATTCTTTCAGACAATGCGTCCGTTATTGCGAAAGTGGCGACTACAGGCTTGAGTAATGATATGCCATTTTTGACAGAGGAAGGTGAACAAAATGCTAATTCTACTCCAAATGCCTCTGGTAGCGGCGGC,KQDEDPKNDMLPNSNLSSSQQFIKPSMILSDNASVIAKVATTGLSNDMPFLTEEGEQNANSTPN,466,529,497,MSN2,tile,Msn2T
MSN2_471,CGACGCACGTCGTGCATGCCCAAGAACGATATGCTGCCGAATTCAAATTTGAGTTCATCTCAACAATTTATCAAACCGTCTATGATTCTTTCAGACAATGCGTCCGTTATTGCGAAAGTGGCGACTACAGGCTTGAGTAATGATATGCCATTTTTGACAGAGGAAGGTGAACAAAATGCTAATTCTACTCCAAATTTCGATCTTTCCATCGCCTCTGGTAGCGGCGGC,PKNDMLPNSNLSSSQQFIKPSMILSDNASVIAKVATTGLSNDMPFLTEEGEQNANSTPNFDLSI,471,534,502,MSN2,tile,Msn2T
MSN2_476,CGACGCACGTCGTGCATGCTGCCGAATTCAAATTTGAGTTCATCTCAACAATTTATCAAACCGTCTATGATTCTTTCAGACAATGCGTCCGTTATTGCGAAAGTGGCGACTACAGGCTTGAGTAATGATATGCCATTTTTGACAGAGGAAGGTGAACAAAATGCTAATTCTACTCCAAATTTCGATCTTTCCATCACTCAAATGAATATGGCCTCTGGTAGCGGCGGC,LPNSNLSSSQQFIKPSMILSDNASVIAKVATTGLSNDMPFLTEEGEQNANSTPNFDLSITQMNM,476,539,507,MSN2,tile,Msn2T
MSN2_481,CGACGCACGTCGTGCATGTTGAGTTCATCTCAACAATTTATCAAACCGTCTATGATTCTTTCAGACAATGCGTCCGTTATTGCGAAAGTGGCGACTACAGGCTTGAGTAATGATATGCCATTTTTGACAGAGGAAGGTGAACAAAATGCTAATTCTACTCCAAATTTCGATCTTTCCATCACTCAAATGAATATGGCTCCATTATCGCCTGCCTCTGGTAGCGGCGGC,LSSSQQFIKPSMILSDNASVIAKVATTGLSNDMPFLTEEGEQNANSTPNFDLSITQMNMAPLSP,481,544,512,MSN2,tile,Msn2T
MSN2_486,CGACGCACGTCGTGCATGCAATTTATCAAACCGTCTATGATTCTTTCAGACAATGCGTCCGTTATTGCGAAAGTGGCGACTACAGGCTTGAGTAATGATATGCCATTTTTGACAGAGGAAGGTGAACAAAATGCTAATTCTACTCCAAATTTCGATCTTTCCATCACTCAAATGAATATGGCTCCATTATCGCCTGCATCATCATCCTCCGCCTCTGGTAGCGGCGGC,QFIKPSMILSDNASVIAKVATTGLSNDMPFLTEEGEQNANSTPNFDLSITQMNMAPLSPASSSS,486,549,517,MSN2,tile,Msn2T
MSN2_491,CGACGCACGTCGTGCATGTCTATGATTCTTTCAGACAATGCGTCCGTTATTGCGAAAGTGGCGACTACAGGCTTGAGTAATGATATGCCATTTTTGACAGAGGAAGGTGAACAAAATGCTAATTCTACTCCAAATTTCGATCTTTCCATCACTCAAATGAATATGGCTCCATTATCGCCTGCATCATCATCCTCCACGTCTCTTGCAACAGCCTCTGGTAGCGGCGGC,SMILSDNASVIAKVATTGLSNDMPFLTEEGEQNANSTPNFDLSITQMNMAPLSPASSSSTSLAT,491,554,522,MSN2,tile,Msn2T
MSN2_496,CGACGCACGTCGTGCATGGACAATGCGTCCGTTATTGCGAAAGTGGCGACTACAGGCTTGAGTAATGATATGCCATTTTTGACAGAGGAAGGTGAACAAAATGCTAATTCTACTCCAAATTTCGATCTTTCCATCACTCAAATGAATATGGCTCCATTATCGCCTGCATCATCATCCTCCACGTCTCTTGCAACAAATCATTTCTATCACGCCTCTGGTAGCGGCGGC,DNASVIAKVATTGLSNDMPFLTEEGEQNANSTPNFDLSITQMNMAPLSPASSSSTSLATNHFYH,496,559,527,MSN2,tile,Msn2T
MSN2_501,CGACGCACGTCGTGCATGATTGCGAAAGTGGCGACTACAGGCTTGAGTAATGATATGCCATTTTTGACAGAGGAAGGTGAACAAAATGCTAATTCTACTCCAAATTTCGATCTTTCCATCACTCAAATGAATATGGCTCCATTATCGCCTGCATCATCATCCTCCACGTCTCTTGCAACAAATCATTTCTATCACCATTTCCCACAGCAGGCCTCTGGTAGCGGCGGC,IAKVATTGLSNDMPFLTEEGEQNANSTPNFDLSITQMNMAPLSPASSSSTSLATNHFYHHFPQQ,501,564,532,MSN2,tile,Msn2T
MSN2_506,CGACGCACGTCGTGCATGACTACAGGCTTGAGTAATGATATGCCATTTTTGACAGAGGAAGGTGAACAAAATGCTAATTCTACTCCAAATTTCGATCTTTCCATCACTCAAATGAATATGGCTCCATTATCGCCTGCATCATCATCCTCCACGTCTCTTGCAACAAATCATTTCTATCACCATTTCCCACAGCAGGGTCACCATACCATGGCCTCTGGTAGCGGCGGC,TTGLSNDMPFLTEEGEQNANSTPNFDLSITQMNMAPLSPASSSSTSLATNHFYHHFPQQGHHTM,506,569,537,MSN2,tile,Msn2T
MSN2_511,CGACGCACGTCGTGCATGAATGATATGCCATTTTTGACAGAGGAAGGTGAACAAAATGCTAATTCTACTCCAAATTTCGATCTTTCCATCACTCAAATGAATATGGCTCCATTATCGCCTGCATCATCATCCTCCACGTCTCTTGCAACAAATCATTTCTATCACCATTTCCCACAGCAGGGTCACCATACCATGAACTCTAAAATCGGTGCCTCTGGTAGCGGCGGC,NDMPFLTEEGEQNANSTPNFDLSITQMNMAPLSPASSSSTSLATNHFYHHFPQQGHHTMNSKIG,511,574,542,MSN2,tile,Msn2T
MSN2_516,CGACGCACGTCGTGCATGTTGACAGAGGAAGGTGAACAAAATGCTAATTCTACTCCAAATTTCGATCTTTCCATCACTCAAATGAATATGGCTCCATTATCGCCTGCATCATCATCCTCCACGTCTCTTGCAACAAATCATTTCTATCACCATTTCCCACAGCAGGGTCACCATACCATGAACTCTAAAATCGGTTCTTCCCTTCGGAGGGCCTCTGGTAGCGGCGGC,LTEEGEQNANSTPNFDLSITQMNMAPLSPASSSSTSLATNHFYHHFPQQGHHTMNSKIGSSLRR,516,579,547,MSN2,tile,Msn2T
MSN2_521,CGACGCACGTCGTGCATGGAACAAAATGCTAATTCTACTCCAAATTTCGATCTTTCCATCACTCAAATGAATATGGCTCCATTATCGCCTGCATCATCATCCTCCACGTCTCTTGCAACAAATCATTTCTATCACCATTTCCCACAGCAGGGTCACCATACCATGAACTCTAAAATCGGTTCTTCCCTTCGGAGGCGGAAGTCTGCTGTGGCCTCTGGTAGCGGCGGC,EQNANSTPNFDLSITQMNMAPLSPASSSSTSLATNHFYHHFPQQGHHTMNSKIGSSLRRRKSAV,521,584,552,MSN2,tile,Msn2T
MSN2_526,CGACGCACGTCGTGCATGTCTACTCCAAATTTCGATCTTTCCATCACTCAAATGAATATGGCTCCATTATCGCCTGCATCATCATCCTCCACGTCTCTTGCAACAAATCATTTCTATCACCATTTCCCACAGCAGGGTCACCATACCATGAACTCTAAAATCGGTTCTTCCCTTCGGAGGCGGAAGTCTGCTGTGCCTTTGATGGGTACGGCCTCTGGTAGCGGCGGC,STPNFDLSITQMNMAPLSPASSSSTSLATNHFYHHFPQQGHHTMNSKIGSSLRRRKSAVPLMGT,526,589,557,MSN2,tile,Msn2T
MSN2_531,CGACGCACGTCGTGCATGGATCTTTCCATCACTCAAATGAATATGGCTCCATTATCGCCTGCATCATCATCCTCCACGTCTCTTGCAACAAATCATTTCTATCACCATTTCCCACAGCAGGGTCACCATACCATGAACTCTAAAATCGGTTCTTCCCTTCGGAGGCGGAAGTCTGCTGTGCCTTTGATGGGTACGGTGCCGCTTACAAATGCCTCTGGTAGCGGCGGC,DLSITQMNMAPLSPASSSSTSLATNHFYHHFPQQGHHTMNSKIGSSLRRRKSAVPLMGTVPLTN,531,594,562,MSN2,tile,Msn2T
MSN2_536,CGACGCACGTCGTGCATGCAAATGAATATGGCTCCATTATCGCCTGCATCATCATCCTCCACGTCTCTTGCAACAAATCATTTCTATCACCATTTCCCACAGCAGGGTCACCATACCATGAACTCTAAAATCGGTTCTTCCCTTCGGAGGCGGAAGTCTGCTGTGCCTTTGATGGGTACGGTGCCGCTTACAAATCAACAAAATAATATAGCCTCTGGTAGCGGCGGC,QMNMAPLSPASSSSTSLATNHFYHHFPQQGHHTMNSKIGSSLRRRKSAVPLMGTVPLTNQQNNI,536,599,567,MSN2,tile,Msn2T
MSN2_541,CGACGCACGTCGTGCATGCCATTATCGCCTGCATCATCATCCTCCACGTCTCTTGCAACAAATCATTTCTATCACCATTTCCCACAGCAGGGTCACCATACCATGAACTCTAAAATCGGTTCTTCCCTTCGGAGGCGGAAGTCTGCTGTGCCTTTGATGGGTACGGTGCCGCTTACAAATCAACAAAATAATATAAGCAGTAGTAGTGTCGCCTCTGGTAGCGGCGGC,PLSPASSSSTSLATNHFYHHFPQQGHHTMNSKIGSSLRRRKSAVPLMGTVPLTNQQNNISSSSV,541,604,572,MSN2,tile,Msn2T
MSN2_546,CGACGCACGTCGTGCATGTCATCATCCTCCACGTCTCTTGCAACAAATCATTTCTATCACCATTTCCCACAGCAGGGTCACCATACCATGAACTCTAAAATCGGTTCTTCCCTTCGGAGGCGGAAGTCTGCTGTGCCTTTGATGGGTACGGTGCCGCTTACAAATCAACAAAATAATATAAGCAGTAGTAGTGTCAACTCAACTGGCAATGCCTCTGGTAGCGGCGGC,SSSSTSLATNHFYHHFPQQGHHTMNSKIGSSLRRRKSAVPLMGTVPLTNQQNNISSSSVNSTGN,546,609,577,MSN2,tile,Msn2T
MSN2_551,CGACGCACGTCGTGCATGTCTCTTGCAACAAATCATTTCTATCACCATTTCCCACAGCAGGGTCACCATACCATGAACTCTAAAATCGGTTCTTCCCTTCGGAGGCGGAAGTCTGCTGTGCCTTTGATGGGTACGGTGCCGCTTACAAATCAACAAAATAATATAAGCAGTAGTAGTGTCAACTCAACTGGCAATGGTGCTGGGGTTACGGCCTCTGGTAGCGGCGGC,SLATNHFYHHFPQQGHHTMNSKIGSSLRRRKSAVPLMGTVPLTNQQNNISSSSVNSTGNGAGVT,551,614,582,MSN2,tile,Msn2T
MSN2_556,CGACGCACGTCGTGCATGCATTTCTATCACCATTTCCCACAGCAGGGTCACCATACCATGAACTCTAAAATCGGTTCTTCCCTTCGGAGGCGGAAGTCTGCTGTGCCTTTGATGGGTACGGTGCCGCTTACAAATCAACAAAATAATATAAGCAGTAGTAGTGTCAACTCAACTGGCAATGGTGCTGGGGTTACGAAGGAAAGAAGGCCAGCCTCTGGTAGCGGCGGC,HFYHHFPQQGHHTMNSKIGSSLRRRKSAVPLMGTVPLTNQQNNISSSSVNSTGNGAGVTKERRP,556,619,587,MSN2,tile,Msn2T
MSN2_561,CGACGCACGTCGTGCATGTTCCCACAGCAGGGTCACCATACCATGAACTCTAAAATCGGTTCTTCCCTTCGGAGGCGGAAGTCTGCTGTGCCTTTGATGGGTACGGTGCCGCTTACAAATCAACAAAATAATATAAGCAGTAGTAGTGTCAACTCAACTGGCAATGGTGCTGGGGTTACGAAGGAAAGAAGGCCAAGTTACAGGAGAAAAGCCTCTGGTAGCGGCGGC,FPQQGHHTMNSKIGSSLRRRKSAVPLMGTVPLTNQQNNISSSSVNSTGNGAGVTKERRPSYRRK,561,624,592,MSN2,tile,Msn2T
MSN2_566,CGACGCACGTCGTGCATGCACCATACCATGAACTCTAAAATCGGTTCTTCCCTTCGGAGGCGGAAGTCTGCTGTGCCTTTGATGGGTACGGTGCCGCTTACAAATCAACAAAATAATATAAGCAGTAGTAGTGTCAACTCAACTGGCAATGGTGCTGGGGTTACGAAGGAAAGAAGGCCAAGTTACAGGAGAAAATCAATGACACCGTCCGCCTCTGGTAGCGGCGGC,HHTMNSKIGSSLRRRKSAVPLMGTVPLTNQQNNISSSSVNSTGNGAGVTKERRPSYRRKSMTPS,566,629,597,MSN2,tile,Msn2T
MSN2_571,CGACGCACGTCGTGCATGTCTAAAATCGGTTCTTCCCTTCGGAGGCGGAAGTCTGCTGTGCCTTTGATGGGTACGGTGCCGCTTACAAATCAACAAAATAATATAAGCAGTAGTAGTGTCAACTCAACTGGCAATGGTGCTGGGGTTACGAAGGAAAGAAGGCCAAGTTACAGGAGAAAATCAATGACACCGTCCAGAAGATCAAGTGTCGCCTCTGGTAGCGGCGGC,SKIGSSLRRRKSAVPLMGTVPLTNQQNNISSSSVNSTGNGAGVTKERRPSYRRKSMTPSRRSSV,571,634,602,MSN2,tile,Msn2T
MSN2_576,CGACGCACGTCGTGCATGTCCCTTCGGAGGCGGAAGTCTGCTGTGCCTTTGATGGGTACGGTGCCGCTTACAAATCAACAAAATAATATAAGCAGTAGTAGTGTCAACTCAACTGGCAATGGTGCTGGGGTTACGAAGGAAAGAAGGCCAAGTTACAGGAGAAAATCAATGACACCGTCCAGAAGATCAAGTGTCGTAATAGAATCAACAGCCTCTGGTAGCGGCGGC,SLRRRKSAVPLMGTVPLTNQQNNISSSSVNSTGNGAGVTKERRPSYRRKSMTPSRRSSVVIEST,576,639,607,MSN2,tile,Msn2T
MSN2_581,CGACGCACGTCGTGCATGAAGTCTGCTGTGCCTTTGATGGGTACGGTGCCGCTTACAAATCAACAAAATAATATAAGCAGTAGTAGTGTCAACTCAACTGGCAATGGTGCTGGGGTTACGAAGGAAAGAAGGCCAAGTTACAGGAGAAAATCAATGACACCGTCCAGAAGATCAAGTGTCGTAATAGAATCAACAAAGGAACTCGAGGAGGCCTCTGGTAGCGGCGGC,KSAVPLMGTVPLTNQQNNISSSSVNSTGNGAGVTKERRPSYRRKSMTPSRRSSVVIESTKELEE,581,644,612,MSN2,tile,Msn2T
MSN2_586,CGACGCACGTCGTGCATGTTGATGGGTACGGTGCCGCTTACAAATCAACAAAATAATATAAGCAGTAGTAGTGTCAACTCAACTGGCAATGGTGCTGGGGTTACGAAGGAAAGAAGGCCAAGTTACAGGAGAAAATCAATGACACCGTCCAGAAGATCAAGTGTCGTAATAGAATCAACAAAGGAACTCGAGGAGAAACCGTTCCACTGTGCCTCTGGTAGCGGCGGC,LMGTVPLTNQQNNISSSSVNSTGNGAGVTKERRPSYRRKSMTPSRRSSVVIESTKELEEKPFHC,586,649,617,MSN2,tile,Msn2T
MSN2_591,CGACGCACGTCGTGCATGCCGCTTACAAATCAACAAAATAATATAAGCAGTAGTAGTGTCAACTCAACTGGCAATGGTGCTGGGGTTACGAAGGAAAGAAGGCCAAGTTACAGGAGAAAATCAATGACACCGTCCAGAAGATCAAGTGTCGTAATAGAATCAACAAAGGAACTCGAGGAGAAACCGTTCCACTGTCACATTTGTCCCAAGGCCTCTGGTAGCGGCGGC,PLTNQQNNISSSSVNSTGNGAGVTKERRPSYRRKSMTPSRRSSVVIESTKELEEKPFHCHICPK,591,654,622,MSN2,tile,Msn2T
MSN2_596,CGACGCACGTCGTGCATGCAAAATAATATAAGCAGTAGTAGTGTCAACTCAACTGGCAATGGTGCTGGGGTTACGAAGGAAAGAAGGCCAAGTTACAGGAGAAAATCAATGACACCGTCCAGAAGATCAAGTGTCGTAATAGAATCAACAAAGGAACTCGAGGAGAAACCGTTCCACTGTCACATTTGTCCCAAGAGCTTTAAGCGCAGCGCCTCTGGTAGCGGCGGC,QNNISSSSVNSTGNGAGVTKERRPSYRRKSMTPSRRSSVVIESTKELEEKPFHCHICPKSFKRS,596,659,627,MSN2,tile,Msn2T
MSN2_601,CGACGCACGTCGTGCATGAGTAGTAGTGTCAACTCAACTGGCAATGGTGCTGGGGTTACGAAGGAAAGAAGGCCAAGTTACAGGAGAAAATCAATGACACCGTCCAGAAGATCAAGTGTCGTAATAGAATCAACAAAGGAACTCGAGGAGAAACCGTTCCACTGTCACATTTGTCCCAAGAGCTTTAAGCGCAGCGAACATTTGAAAAGGGCCTCTGGTAGCGGCGGC,SSSVNSTGNGAGVTKERRPSYRRKSMTPSRRSSVVIESTKELEEKPFHCHICPKSFKRSEHLKR,601,664,632,MSN2,tile,Msn2T
MSN2_606,CGACGCACGTCGTGCATGTCAACTGGCAATGGTGCTGGGGTTACGAAGGAAAGAAGGCCAAGTTACAGGAGAAAATCAATGACACCGTCCAGAAGATCAAGTGTCGTAATAGAATCAACAAAGGAACTCGAGGAGAAACCGTTCCACTGTCACATTTGTCCCAAGAGCTTTAAGCGCAGCGAACATTTGAAAAGGCATGTGAGATCTGTTGCCTCTGGTAGCGGCGGC,STGNGAGVTKERRPSYRRKSMTPSRRSSVVIESTKELEEKPFHCHICPKSFKRSEHLKRHVRSV,606,669,637,MSN2,tile,Msn2T
MSN2_611,CGACGCACGTCGTGCATGGCTGGGGTTACGAAGGAAAGAAGGCCAAGTTACAGGAGAAAATCAATGACACCGTCCAGAAGATCAAGTGTCGTAATAGAATCAACAAAGGAACTCGAGGAGAAACCGTTCCACTGTCACATTTGTCCCAAGAGCTTTAAGCGCAGCGAACATTTGAAAAGGCATGTGAGATCTGTTCACTCTAACGAACGAGCCTCTGGTAGCGGCGGC,AGVTKERRPSYRRKSMTPSRRSSVVIESTKELEEKPFHCHICPKSFKRSEHLKRHVRSVHSNER,611,674,642,MSN2,tile,Msn2T
MSN2_616,CGACGCACGTCGTGCATGGAAAGAAGGCCAAGTTACAGGAGAAAATCAATGACACCGTCCAGAAGATCAAGTGTCGTAATAGAATCAACAAAGGAACTCGAGGAGAAACCGTTCCACTGTCACATTTGTCCCAAGAGCTTTAAGCGCAGCGAACATTTGAAAAGGCATGTGAGATCTGTTCACTCTAACGAACGACCATTTGCTTGTCACGCCTCTGGTAGCGGCGGC,ERRPSYRRKSMTPSRRSSVVIESTKELEEKPFHCHICPKSFKRSEHLKRHVRSVHSNERPFACH,616,679,647,MSN2,tile,Msn2T
MSN2_621,CGACGCACGTCGTGCATGTACAGGAGAAAATCAATGACACCGTCCAGAAGATCAAGTGTCGTAATAGAATCAACAAAGGAACTCGAGGAGAAACCGTTCCACTGTCACATTTGTCCCAAGAGCTTTAAGCGCAGCGAACATTTGAAAAGGCATGTGAGATCTGTTCACTCTAACGAACGACCATTTGCTTGTCACATATGCGATAAGAAAGCCTCTGGTAGCGGCGGC,YRRKSMTPSRRSSVVIESTKELEEKPFHCHICPKSFKRSEHLKRHVRSVHSNERPFACHICDKK,621,684,652,MSN2,tile,Msn2T
MSN2_626,CGACGCACGTCGTGCATGATGACACCGTCCAGAAGATCAAGTGTCGTAATAGAATCAACAAAGGAACTCGAGGAGAAACCGTTCCACTGTCACATTTGTCCCAAGAGCTTTAAGCGCAGCGAACATTTGAAAAGGCATGTGAGATCTGTTCACTCTAACGAACGACCATTTGCTTGTCACATATGCGATAAGAAATTTAGTAGAAGCGATGCCTCTGGTAGCGGCGGC,MTPSRRSSVVIESTKELEEKPFHCHICPKSFKRSEHLKRHVRSVHSNERPFACHICDKKFSRSD,626,689,657,MSN2,tile,Msn2T
MSN2_631,CGACGCACGTCGTGCATGAGATCAAGTGTCGTAATAGAATCAACAAAGGAACTCGAGGAGAAACCGTTCCACTGTCACATTTGTCCCAAGAGCTTTAAGCGCAGCGAACATTTGAAAAGGCATGTGAGATCTGTTCACTCTAACGAACGACCATTTGCTTGTCACATATGCGATAAGAAATTTAGTAGAAGCGATAATTTGTCGCAACACGCCTCTGGTAGCGGCGGC,RSSVVIESTKELEEKPFHCHICPKSFKRSEHLKRHVRSVHSNERPFACHICDKKFSRSDNLSQH,631,694,662,MSN2,tile,Msn2T
MSN2_636,CGACGCACGTCGTGCATGATAGAATCAACAAAGGAACTCGAGGAGAAACCGTTCCACTGTCACATTTGTCCCAAGAGCTTTAAGCGCAGCGAACATTTGAAAAGGCATGTGAGATCTGTTCACTCTAACGAACGACCATTTGCTTGTCACATATGCGATAAGAAATTTAGTAGAAGCGATAATTTGTCGCAACACATCAAGACTCATAAAGCCTCTGGTAGCGGCGGC,IESTKELEEKPFHCHICPKSFKRSEHLKRHVRSVHSNERPFACHICDKKFSRSDNLSQHIKTHK,636,699,667,MSN2,tile,Msn2T
MSN2_641,CGACGCACGTCGTGCATGGAACTCGAGGAGAAACCGTTCCACTGTCACATTTGTCCCAAGAGCTTTAAGCGCAGCGAACATTTGAAAAGGCATGTGAGATCTGTTCACTCTAACGAACGACCATTTGCTTGTCACATATGCGATAAGAAATTTAGTAGAAGCGATAATTTGTCGCAACACATCAAGACTCATAAAAAACATGGAGACATTGCCTCTGGTAGCGGCGGC,ELEEKPFHCHICPKSFKRSEHLKRHVRSVHSNERPFACHICDKKFSRSDNLSQHIKTHKKHGDI,641,704,672,MSN2,tile,Msn2T
GSY1_1,CGACGCACGTCGTGCATGATGGCTCGTGACTTACAAAATCATCTACTGTTCGAAGTAGCAACAGAAGTAACTAACAGGGTTGGTGGTATTTACTCTGTCTTGAAGTCCAAGGCTCCAGTCACTGTGGCACAATACGGAGACAACTATACGCTGCTTGGACCTTTGAACAAGGCGACTTATGAAAGTGAGGTTGAAAAACTTGACTGGGAAGCCTCTGGTAGCGGCGGC,MARDLQNHLLFEVATEVTNRVGGIYSVLKSKAPVTVAQYGDNYTLLGPLNKATYESEVEKLDWE,1,64,32,GSY1,control,Msn2T
GSY1_91,CGACGCACGTCGTGCATGGTCTACGGTAACTGGTTGATTGAGGGAGCACCACGTGTCATTTTATTTGAGCTGGATTCTGTAAGACACTTTTTGAACGAATGGAAGGCTGACCTATGGTCTCTCGTCGGAATTCCATCACCAGAGCATGATCACGAAACAAACGATGCCATATTGTTGGGTTATGTTGTTGTGTGGTTTTTGGGAGAAGTTGCCTCTGGTAGCGGCGGC,VYGNWLIEGAPRVILFELDSVRHFLNEWKADLWSLVGIPSPEHDHETNDAILLGYVVVWFLGEV,91,154,122,GSY1,control,Msn2T
GSY1_181,CGACGCACGTCGTGCATGAAGAAAAGAATTGATGTTGTAACGATTTTCACCACGCACGCAACTTTATTGGGTAGATACTTGTGTGCCGCTGGTGATGTAGATTTTTATAACAATCTACAGTATTTTGATGTGGACCAAGAAGCTGGTAAGAGAGGCATATATCATAGGTACTGCATTGAGCGCGCTGCGGCTCATACTGCCGATGTTTTTGCCTCTGGTAGCGGCGGC,KKRIDVVTIFTTHATLLGRYLCAAGDVDFYNNLQYFDVDQEAGKRGIYHRYCIERAAAHTADVF,181,244,212,GSY1,control,Msn2T
GSY1_271,CGACGCACGTCGTGCATGTTGAACGTTGTTAAGTTTCAAGCAGTACATGAATTTCAAAATCTGCATGCCCTGAAAAAGGACAAAATTAATGATTTCGTCAGAGGCCATTTCCATGGTTGTTTTGATTTCGATCTAGACAACACAGTTTATTTCTTTATCGCTGGTAGATATGAATACAAAAACAAAGGTGCTGACATGTTCATTGAATCAGCCTCTGGTAGCGGCGGC,LNVVKFQAVHEFQNLHALKKDKINDFVRGHFHGCFDFDLDNTVYFFIAGRYEYKNKGADMFIES,271,334,302,GSY1,control,Msn2T
GSY1_361,CGACGCACGTCGTGCATGACCAATTCCTTCACTGTGGAGGCACTGAAAAGCCAAGCCATTGTAAAATCTTTGGAAAATACTGTTAATGAGGTCACCGCATCCATTGGGAAGAGAATTTTCGAGCATACGATGAGATACCCTCATAATGGCCTAGAATCAGAGTTGCCCACTAATTTAGATGAGCTGTTGAAGAGTTCTGAAAAGGTTTTGGCCTCTGGTAGCGGCGGC,TNSFTVEALKSQAIVKSLENTVNEVTASIGKRIFEHTMRYPHNGLESELPTNLDELLKSSEKVL,361,424,392,GSY1,control,Msn2T
GSY1_451,CGACGCACGTCGTGCATGGCTAACGATCCAATTTTAAACCAAATTAGACATGTTAGATTATTCAATGATTCGAGTGATCGTGTAAAAGTGATTTTCCATCCTGAATTCTTAAACGCCAATAACCCTATCCTTGGTTTGGATTATGACGAGTTTGTTCGCGGCTGTCACTTGGGTGTTTTTCCATCCTATTACGAACCATGGGGGTACACGGCCTCTGGTAGCGGCGGC,ANDPILNQIRHVRLFNDSSDRVKVIFHPEFLNANNPILGLDYDEFVRGCHLGVFPSYYEPWGYT,451,514,482,GSY1,control,Msn2T
GSY1_541,CGACGCACGTCGTGCATGATTGAAACAGACCAAGCGAAAGACTATGGTATTTATATTGTAGACCGTCGTTTCAAGAGCCCTGATGAATCTGTCGAGCAATTAGCAGACTACATGGAAGAGTTTGTAAACAAGACCAGAAGACAAAGAATCAACCAAAGAAACAGAACCGAAAGACTATCAGACTTGTTAGATTGGAAGAGAATGGGGTTGGCCTCTGGTAGCGGCGGC,IETDQAKDYGIYIVDRRFKSPDESVEQLADYMEEFVNKTRRQRINQRNRTERLSDLLDWKRMGL,541,604,572,GSY1,control,Msn2T
HXK1_1,CGACGCACGTCGTGCATGATGGTTCATTTAGGTCCAAAGAAACCACAGGCTAGAAAGGGTTCCATGGCTGATGTGCCCAAGGAATTGATGGATGAAATTCATCAGTTGGAAGATATGTTTACAGTTGACAGCGAGACCTTGAGAAAGGTTGTTAAGCACTTTATCGACGAATTGAATAAAGGTTTGACAAAGAAGGGAGGTAACATTCCAGCCTCTGGTAGCGGCGGC,MVHLGPKKPQARKGSMADVPKELMDEIHQLEDMFTVDSETLRKVVKHFIDELNKGLTKKGGNIP,1,64,32,HXK1,control,Msn2T
HXK1_91,CGACGCACGTCGTGCATGAACTTAAGAGTCGTGTTGGTCAAGTTGAGCGGTAACCATACCTTTGACACCACTCAATCCAAGTATAAACTACCACATGACATGAGAACCACTAAGCACCAAGAGGAGTTATGGTCCTTTATTGCCGACTCTTTGAAGGACTTTATGGTCGAGCAAGAATTGCTAAACACCAAGGACACCTTACCATTAGGTGCCTCTGGTAGCGGCGGC,NLRVVLVKLSGNHTFDTTQSKYKLPHDMRTTKHQEELWSFIADSLKDFMVEQELLNTKDTLPLG,91,154,122,HXK1,control,Msn2T
HXK1_181,CGACGCACGTCGTGCATGCCAAATGTCGAAGGCCACGATGTCGTCCCATTGCTACAAAACGAAATTTCCAAGAGAGAGTTGCCTATTGAAATTGTAGCATTGATTAATGATACTGTTGGTACTTTAATTGCCTCATACTACACTGACCCAGAGACTAAGATGGGTGTGATTTTCGGTACTGGTGTCAACGGTGCTTTCTATGATGTTGTTGCCTCTGGTAGCGGCGGC,PNVEGHDVVPLLQNEISKRELPIEIVALINDTVGTLIASYYTDPETKMGVIFGTGVNGAFYDVV,181,244,212,HXK1,control,Msn2T
HXK1_271,CGACGCACGTCGTGCATGGGTTCCTTCGATAATGAACATTTGGTCTTGCCAAGAACCAAGTACGATGTTGCTGTCGACGAACAATCTCCAAGACCCGGTCAACAAGCTTTTGAAAAGATGACCTCCGGTTACTACTTGGGTGAATTGTTGCGTCTAGTGTTACTTGAATTAAACGAGAAGGGCTTGATGTTGAAGGATCAAGATCTAAGCGCCTCTGGTAGCGGCGGC,GSFDNEHLVLPRTKYDVAVDEQSPRPGQQAFEKMTSGYYLGELLRLVLLELNEKGLMLKDQDLS,271,334,302,HXK1,control,Msn2T
HXK1_361,CGACGCACGTCGTGCATGACTGATGACATCTTCCAAAAGGACTTTGGTGTCAAGACCACTCTGCCAGAACGTAAGTTGATTAGAAGACTTTGTGAATTGATCGGTACCAGAGCTGCTAGATTAGCTGTTTGTGGTATTGCCGCTATTTGCCAAAAGAGAGGTTACAAGACTGGTCACATTGCCGCTGACGGTTCTGTCTATAACAAATACGCCTCTGGTAGCGGCGGC,TDDIFQKDFGVKTTLPERKLIRRLCELIGTRAARLAVCGIAAICQKRGYKTGHIAADGSVYNKY,361,424,392,HXK1,control,Msn2T
TDH3_1,CGACGCACGTCGTGCATGATGGTTAGAGTTGCTATTAACGGTTTCGGTAGAATCGGTAGATTGGTCATGAGAATTGCTTTGTCTAGACCAAACGTCGAAGTTGTTGCTTTGAACGACCCATTCATCACCAACGACTACGCTGCTTACATGTTCAAGTACGACTCCACTCACGGTAGATACGCTGGTGAAGTTTCCCACGATGACAAGCACGCCTCTGGTAGCGGCGGC,MVRVAINGFGRIGRLVMRIALSRPNVEVVALNDPFITNDYAAYMFKYDSTHGRYAGEVSHDDKH,1,64,32,TDH3,control,Msn2T
TDH3_91,CGACGCACGTCGTGCATGGACATCGCCATTGACTCCACTGGTGTTTTCAAGGAATTAGACACTGCTCAAAAGCACATTGACGCTGGTGCCAAGAAGGTTGTTATCACTGCTCCATCTTCCACCGCCCCAATGTTCGTCATGGGTGTTAACGAAGAAAAATACACTTCTGACTTGAAGATTGTTTCCAACGCTTCTTGTACCACCAACTGTGCCTCTGGTAGCGGCGGC,DIAIDSTGVFKELDTAQKHIDAGAKKVVITAPSSTAPMFVMGVNEEKYTSDLKIVSNASCTTNC,91,154,122,TDH3,control,Msn2T
TDH3_181,CGACGCACGTCGTGCATGGCTACTCAAAAGACTGTTGACGGTCCATCCCACAAGGACTGGAGAGGTGGTAGAACCGCTTCCGGTAACATCATCCCATCCTCCACCGGTGCTGCTAAGGCTGTCGGTAAGGTCTTGCCAGAATTGCAAGGTAAGTTGACCGGTATGGCTTTCAGAGTCCCAACCGTCGATGTCTCCGTTGTTGACTTGACTGCCTCTGGTAGCGGCGGC,ATQKTVDGPSHKDWRGGRTASGNIIPSSTGAAKAVGKVLPELQGKLTGMAFRVPTVDVSVVDLT,181,244,212,TDH3,control,Msn2T
